"id","title","meta_description","meta_keywords","meta_author","slug","content_header","content_subheader","header_1","paragraph_1","image_1","header_2","paragraph_2","image_2","header_3","paragraph_3","image_3","header_4","paragraph_4","image_4","created_at","updated_at"
"1","Amazon Scanner | Find Profitable Products Fast – TS Scout","Boost your eCommerce success with Amazon Scanner by TS Scout. Instantly track best-selling products, market demand, and competitor data to find your next winner.","amazon scanner, amazon product research, amazon product analysis, amazon best sellers, amazon trends, amazon data analytics, profitable amazon products, amazon market research","MH","amazon-scanner","Analyze Amazon Products with Confidence","TS Scout’s Amazon Scanner helps you explore and understand product performance across Amazon marketplaces worldwide","Find the Right Product Instantly","Search any product by name and refine your results by category, currency, or specific Amazon marketplace by country. This allows you to get precise, localized insights that match your selling goals.","images/Untitled design (2)_1728084892.jpg","View Key Market Metrics in Seconds","The Amazon Scanner instantly compiles essential product data, including product names, IDs, prices, ratings, reviews, and categories, helping you understand what performs well and why.","images/P S_1726229992.jpg","Compare Global Market Opportunities","See how the same product performs across different Amazon regions to identify where demand and pricing are strongest. By understanding international trends, you can make smarter, more targeted decisions about which markets to focus on next.","images/P S_1726229992.jpg","Spot High-Potential Products With Real Data","Go beyond intuition. The dashboard’s data-rich table reveals which items attract attention and convert buyers, allowing you to prioritize high-demand products backed by real numbers, not assumptions. Each metric is designed to help you minimize risk and optimize profitability.","images/P S_1726229992.jpg","2024-09-12 17:01:05","2025-10-23 03:39:00"
"2","eBay Product Research Tool | Find Winning Products Fast – TS Scout","Discover high-demand, low-competition products on eBay with TS Scout’s Product Research Tool. Analyze listings, prices, and sales to find your next best-seller.","ebay product insight, ebay product research, ebay analytics, ebay trends, ebay product finder, ebay best sellers, ecommerce insights","Scout-Admin","ebay-product-research-tool","Discover Profitable Products in Seconds","TS Scout’s eBay Product Research tool helps sellers quickly find high-demand, low-competition products with the data they need to make smarter selling decisions.","Smart Search & Filters","Enter a product name and refine your search with filters like price, marketplace, and feedback level. Instead of scrolling through endless listings, you get focused results that match your exact criteria, saving hours of manual research.","images/4_1736978721.jpg","Market Overview at a Glance","Instantly see how your product performs in the market. The dashboard shows the total number of listings, average selling price, and total units sold. This gives you a reliable snapshot of demand and competitiveness, helping you decide if it’s worth your investment.","images/2_1727045306.jpg","Detailed Seller & Listing Data","Go beyond surface-level insights. View a complete table with seller names, listing titles, prices, marketplaces, and units sold. With this data, you can evaluate individual listings, compare strategies, and identify best practices to apply in your own store.","images/5_1736978721.jpg","Actionable, Scalable Insights","Whether you’re testing a single product or evaluating a whole catalog, the eBay Product Research tool adapts to your needs. It delivers insights that grow with your business, supporting smarter, faster, and more profitable decisions.",NULL,"2024-09-23 01:48:26","2025-10-23 03:51:28"
"3","eBay Trends Dashboard | Track Market Insights & Top Sellers – TS Scout","Uncover what’s trending on eBay with the TS Scout Dashboard. Analyze market data, find best-sellers, and make smarter product decisions with real-time insights.","ebay trends, ebay analytics, ebay dashboard, ebay product trends, ebay best sellers, ebay insights, ts scout, ebay market research",NULL,"ebay-trends","Stay Ahead with Real-Time eBay Insights","TS Scout’s eBay Trends Dashboard gives you the clarity you need to make smarter selling decisions. Track what’s hot, understand pricing trends, and see who’s leading the marketplace - all in one place.","Top-Selling Products","Discover exactly what buyers are purchasing right now. The dashboard highlights the most popular items across multiple categories, helping you find proven opportunities instead of relying on guesswork. Whether you’re exploring new niches or expanding your catalog, this feature points you toward products with real demand.","images/P S_1728672318.jpg","Category Price Insights","Set smarter prices by understanding the market average. With clear visibility into price ranges across categories, you can position your products competitively while protecting your margins. No more undervaluing your items or overpricing them out of the market.","images/Untitled design (3)_1728674875.jpg","Best Seller Rankings","Learn directly from the top performers. Our dashboard shows you who the leading sellers are and how they operate, giving you inspiration and benchmarks to improve your own selling strategy. Analyze what works for them, then adapt it to your business.","images/Untitled design (2)_1727995831.jpg","Data That Scales with You","Whether you’re launching your first product or managing a large eBay store, the eBay Trends Dashboard grows with you. Our insights are designed to support every stage of your journey, saving you time, reducing risk, and helping you build a stronger, more profitable business.",NULL,"2024-10-04 01:50:31","2025-10-23 04:13:53"
"4","TopBay Picks","Discover the best eBay items with TopBay Picks. Get detailed insights on top-selling products, their prices, and sales performance for smarter ecommerce decisions.",NULL,NULL,"topbay-picks","TopBay Picks","identify top-selling eBay items, complete with pricing and sales data, to make informed product choices","Discover the Best-Selling Items on eBay","TopBay Picks gives you direct access to the top-performing products on eBay, carefully selected based on current market trends. By analyzing data across various categories, this report highlights the best-selling items, making it easier for dropshippers to choose products that have high demand and proven sales records.","images/ProductScouting-eBay_1735124973.jpeg","Price Transparency for Better Decision Making","Knowing the price of top-selling eBay items is crucial for setting competitive pricing strategies in ecommerce. TopBay Picks provides detailed insights into the prices of these products, allowing you to make informed decisions when adding similar items to your store. This transparency helps you understand market price points and maximize profitability.","images/Untitled design (2)_1728000181.jpg","Boost Your Sales with Data-Driven Insights","TopBay Picks doesn't just show you the products; it also reveals their sales figures, giving you a clear idea of what’s driving eBay’s marketplace. With this report, you can identify trends, spot opportunities, and focus on items with proven sales potential, ultimately boosting your chances of success in the ecommerce business.","images/Untitled design (2)_1728000181.jpg",NULL,NULL,NULL,"2024-10-04 03:03:01","2025-08-23 04:17:09"
"5","Niche Finder","Unlock your ecommerce potential with NicheFinder! Discover the best categories on eBay, revealing profitable niches to boost your sales.",NULL,NULL,"ebay-niche-finder-tool","Niche Finder","identify high-demand, low-competition categories on eBay, enabling smarter inventory decisions and increased sales potential","Discover the Best Categories","NicheFinder is an essential tool for dropshippers looking to identify the most profitable categories on eBay. By analyzing market trends and consumer demand, this report highlights the niches that are currently in high demand. With this valuable information, sellers can strategically target their offerings, ensuring they invest their time and resources in the right categories that promise maximum returns.","images/Untitled design (2)_1728001501.jpg","Uncover Hidden Opportunities","One of the standout features of NicheFinder is its ability to reveal hidden opportunities within the marketplace. While many dropshippers might flock to popular categories, NicheFinder uncovers less saturated niches that can lead to higher profit margins. By exploring these under-the-radar options, sellers can differentiate themselves from the competition and capture a unique segment of the market that others may overlook.","images/Untitled design (2)_1728001501.jpg","Optimize Your Strategy","Armed with the insights from NicheFinder, dropshippers can optimize their selling strategies for success. Understanding which categories are trending and which ones are fading allows sellers to pivot their inventory and marketing efforts accordingly. This proactive approach not only maximizes sales potential but also helps in building a sustainable business model that adapts to ever-changing market dynamics.","images/Untitled design (2)_1728001501.jpg",NULL,NULL,NULL,"2024-10-04 03:25:01","2025-08-23 04:17:34"
"6","TitleMaster","Optimize your eBay listings with our Title Builder tool. Discover top-searched keywords and their volume to increase visibility and boost sales.",NULL,NULL,"ebay-title-master","TitleMaster","Maximize your eBay listings' visibility by using the Title Builder tool to find high-volume keywords that attract more buyers","Boost Your Listings with Data-Driven Keywords","The Title Builder tool empowers eBay sellers by providing insights into the most searched keywords on the platform. By using this tool, sellers can craft compelling and optimized titles that align with what buyers are actively searching for, boosting visibility and sales.","images/Untitled design (2)_1728071172.jpg","Unlock High-Volume Keywords for Maximum Exposure","One of the key benefits of the Title Builder tool is its ability to reveal the search volume of keywords. This means you can identify which keywords are in high demand, ensuring that your listings include the most relevant and popular terms that drive traffic and increase your chances of making a sale.","images/Untitled design (2)_1728071172.jpg","Optimize Titles for Enhanced Searchability","By focusing on high-volume keywords, the Title Builder tool helps you create eBay titles that are not only accurate but also optimized for search. This leads to higher rankings in eBay search results, better discoverability, and ultimately, more conversions as your listings match buyer intent more effectively.","images/Untitled design (2)_1728071172.jpg",NULL,NULL,NULL,"2024-10-04 22:46:12","2024-10-04 22:46:12"
"7","Shopify Insight Tool | Analyze Products & Boost Your Sales – TS Scout","Boost your eCommerce performance with Shopify Insight by TS Scout. Identify top-performing products, monitor sales, and uncover market opportunities in seconds.","shopify insight, shopify product research, shopify analytics, shopify trends, shopify best sellers, ts scout",NULL,"shopify-insight","Unlock Shopify Product & Seller Data Instantly","TS Scout’s Shopify Insight tool gives you a clear view of how products are performing on Shopify, so you can evaluate opportunities and understand the market with confidence.","Find the Right Products Faster","Instead of spending hours browsing, search by product name and instantly filter results by price range, shipping location, time period, or category. This helps you cut through the noise and focus only on the products that meet your exact selling strategy.","images/Untitled design (2)_1728071957.jpg","Understand Market Demand at a Glance","See how any product is really performing on Shopify. Our dashboard reveals the number of items sold, the average selling price, and the number of active listings. With this data, you can spot profitable trends early and avoid products that don’t deliver.","images/Untitled design (2)_1728071957.jpg","Learn From Seller Performance","Go beyond product data and gain visibility into how sellers succeed. Access a detailed table showing seller names, ad titles, posting dates, sales volume over specific periods, and the marketplaces they operate in. These insights give you a clear picture of competition and proven selling strategies.","images/Untitled design (2)_1728071957.jpg","Scale With Smarter Decisions","Whether you’re testing new product ideas or scaling an established business, Shopify Insight provides the intelligence to reduce risks, improve your listings, and grow faster. The tool adapts to your workflow and delivers insights that evolve with your goals.",NULL,"2024-10-04 22:59:17","2025-10-24 23:01:13"
"8","Shopify Spy | Track Winning Stores & Products – TS Scout","Boost your eCommerce growth with Shopify Spy by TS Scout. Track successful stores, spot trending products, and stay ahead of your competition.","shopify spy, shopify product research, shopify analytics, shopify store tracker, shopify insights, top shopify stores,",NULL,"shopify-spy-tool","Competitor Insights in Seconds","TS Scout’s Shopify Spy tool helps you analyze any Shopify store with precision, giving you a clear picture of what competitors are selling and how their products perform.","See What Competitors Are Really Selling","The Shopify Spy tool empowers e-commerce sellers by offering a comprehensive look into competitors' Shopify stores. By simply searching for a specific competitor, this tool generates detailed reports about their product listings. With these insights, eCommerce sellers can make informed decisions on what products to stock or avoid.","images/Untitled design (2)_1728083537.jpg","Learn Winning Strategies, Not Just Numbers","Shopify Spy isn’t just about data, it’s about insights you can act on. By analyzing your competitors’ best-performing products, pricing approaches, and sales trends, you gain practical strategies you can apply to your own store. This means less trial and error and more informed decision-making.","images/Untitled design (2)_1728083537.jpg","Optimize Your Business With Confidence","Whether you’re new to e-commerce or scaling a successful store, Shopify Spy gives you the intelligence to make better choices. You’ll know which products to prioritize, how to position your prices, and what sales tactics competitors are using, helping you stay one step ahead.","images/Untitled design (2)_1728083537.jpg","Turn Competitor Data Into Your Advantage","Every click inside Shopify Spy brings you closer to clarity. From understanding product lifecycles to identifying untapped opportunities, this tool transforms competitor analysis into a growth engine for your business.","images/ChatGPT Image Oct 24, 2025, 11_22_53 PM_1761383179.png","2024-10-05 02:12:17","2025-10-25 12:08:42"
"9","Shopify Find Stores | Discover Profitable Stores & Products – TS Scout","Find your next winning niche with TS Scout’s Shopify Find Stores tool. Instantly analyze successful stores, trending products, and real sales insights to grow your business.","shopify store finder, shopify store analysis, shopify trends, shopify analytics, shopify best sellers, shopify tool, ts scout",NULL,"shopify-store-finder","Discover and Analyze Shopify Stores Effortlessly","TS Scout’s Shopify Find Stores tool helps you uncover real store data across Shopify, giving you a clear view of market performance, store activity, and revenue trends.","Find Active Stores That Match Your Goals","Search by product name and instantly refine results using filters for sale date range, price, category, and shipping location. This powerful combination helps you locate the most relevant stores that sell what you’re researching, all in seconds.","images/Untitled design (2)_1728084127.jpg","Understand Store Performance at a Glance","See the numbers that matter most. The Shopify Find Stores shows you how many orders each store received within your selected time frame, their total revenue, and shipping regions. These insights reveal which stores are truly performing and which markets are most active.","images/Untitled design (2)_1728084127.jpg","Access Complete Store-Level Insights","Every search result is displayed in a clean, detailed table that includes the store name, direct link, sales count, revenue, and shipping location. You can easily compare stores, identify strong performers, and uncover emerging opportunities in your niche.","images/Untitled design (2)_1728084127.jpg","Grow Smarter With Reliable Market Intelligence","The Shopify Find Stores is built to support sellers at every level, from beginners discovering their first winning product to experts scaling across multiple categories. By combining precise filters with deep performance analytics, TS Scout empowers you to make data-backed decisions that lead to sustainable growth.",NULL,"2024-10-05 02:22:07","2025-10-25 00:11:15"
"10","Walmart Scanner | Uncover Winning Opportunities on Walmart – TS Scout","TS Scout’s Walmart Scanner gives you powerful insights into Walmart’s marketplace, helping sellers make smarter, data-backed product decisions.","walmart scanner, walmart product research, walmart insights, walmart analytics, walmart product finder, walmart best sellers,",NULL,"walmart-watch-tool","Uncover Winning Opportunities on Walmart","TS Scout’s Walmart Scanner gives you the data you need to understand what sells, how it performs, and where the next opportunity lies, all in one intuitive dashboard.","Search Smarter, Not Harder","Type in any product name and refine your search with filters like price, category, condition, rating, and delivery type. The tool instantly returns accurate, up-to-date data, helping you identify promising listings without endless manual browsing.","images/Untitled design (2)_1728089073.jpg","Instant Access to Real Market Insights","Get a complete view of Walmart’s marketplace in seconds. For every search, Walmart Scanner shows you essential product data including title, unique ID, price, rating, and number of reviews. It’s everything you need to gauge demand, pricing, and customer sentiment, all in one clean, organized dashboard.","images/Untitled design (2)_1728089073.jpg","Learn From Real Data, Not Assumptions","Each search result provides a clear picture of product performance, allowing you to understand what customers value most. Ratings and reviews reveal how well items meet expectations, insights you can use to improve your own offerings and outshine competitors.","images/Untitled design (2)_1728089073.jpg","Connect Research to Real Opportunities","Once you’ve found a promising product, go deeper with a single click. Instantly view where that product is available from verified marketplaces such as AliExpress or Amazon, making it easy to connect product ideas with real opportunities for growth and expansion.",NULL,"2024-10-05 03:44:33","2025-10-25 16:24:39"
"11","Express Insight Tool | Scout","Boost your online business with the Express Product Insight tool. Easily find top-selling products and reliable suppliers on AliExpress.",NULL,NULL,"express-product-insight","Express Insight","Quickly discover top-selling products and trusted suppliers on AliExpress, optimizing your online store’s success.","Unlocking Winning Products","The Express product research tool is designed to help online sellers easily discover top-selling items on AliExpress. By streamlining the search process, users can input keywords and receive instant insights into trending products. This feature is invaluable for e-commerce businesses looking to stay ahead of market trends and offer in-demand items in their stores.","images/Untitled design (2)_1728163219.jpg","Find Reliable Suppliers with Ease","The Express product research tool is designed to help online sellers easily discover top-selling items on AliExpress. By streamlining the search process, it allows users to input keywords and receive instant insights into trending products. This feature is invaluable for e-commerce businesses looking to stay ahead of market trends and offer in-demand items in their stores.","images/Untitled design (2)_1728163219.jpg","Accelerate Your Business Growth","Using the Express product research tool, online sellers can make data-driven decisions and avoid guesswork. By focusing on products with proven demand and trusted suppliers, they can build a strong business foundation, ultimately increasing profitability and growth.","images/Untitled design (2)_1728163219.jpg",NULL,NULL,NULL,"2024-10-06 00:20:19","2025-08-29 22:31:09"
"12","Source Finder | Get Deep Insights from AliExpress Stores - TS Scout","Analyze AliExpress stores and uncover real product performance with TS Scout’s Source Finder. Discover top items, sales, and pricing for smarter decisions.","aliexpress source finder, aliexpress product research, aliexpress analytics, product sourcing tool, find aliexpress products, profitable aliexpress items, ts scout, ecommerce sourcing",NULL,"express-supplier-scout-tool","Reveal What’s Selling on AliExpress","Stop guessing and start seeing the data behind every store. Source Finder uncovers real product performance, so you can find winning items, understand market behavior, and make smarter selling decisions.","Turn Store Data Into Market Insights","With Source Finder, you can instantly analyze any AliExpress store to see every product listed, along with its ratings, total sales, and current price. This detailed overview gives you the power to understand which products are performing best and why. Instead of relying on intuition, you’ll have a complete picture of what works in real marketplaces, data that helps you refine your product strategy with confidence.","images/ChatGPT Image Oct 24, 2025, 11_22_53 PM_1761398307.png","Spot Profitable Products Before They Trend","Gain an edge by identifying products that are already performing well but haven’t yet saturated the market. By viewing sales numbers, engagement levels, and customer ratings, you can quickly determine which items have momentum and potential. This early visibility helps you move faster, stay ahead of competitors, and fill your catalog with products that actually sell.","images/Untitled design (2)_1728163762.jpg","Decode Pricing and Performance Patterns","Every successful store follows patterns, and Source Finder helps you uncover them. Compare how similar products are priced, analyze which price points convert best, and see how performance changes over time. These insights let you fine-tune your own pricing strategy, balance profit and volume, and position your store competitively within the global marketplace.","images/Untitled design (2)_1728163762.jpg","Validate Every Decision With Real Data","Stop wasting time on unproven ideas. The Source Finder report gives you concrete evidence of what sells, helping you invest wisely in your next product. Whether you’re expanding your catalog or optimizing existing listings, you’ll gain the clarity to act decisively and reduce risk.","images/ChatGPT Image Oct 24, 2025, 11_22_53 PM_1761396062.png","2024-10-06 00:29:22","2025-10-25 16:18:27"
"13","Express Scanner Tool | Find Winning Products on AliExpress - TS Scout","Find high-demand products fast with TS Scout’s Express Scanner. Track AliExpress sales, pricing trends, and top-performing listings to grow your online business.","express scanner, aliexpress product research, aliexpress analytics, aliexpress product finder, trending products, ecommerce insights, ts scout, profitable products, market analysis",NULL,"express-scan-tool","Discover Winning Products on AliExpress in Minutes","TS Scout’s Express Scanner tool helps you identify the most popular and profitable listings on AliExpress, so you can source smarter and grow your online business with confidence.","Spot High-Demand Products Instantly","Stop wasting time browsing endless listings. Express Scanner highlights the most trending and best-performing products on AliExpress, complete with seller ratings, sales volume, and pricing details, giving you a reliable shortcut to proven opportunities.","images/Untitled design (2)_1728164019.jpg","Filter to Match Your Strategy","Not every product fits your business model. That’s why Express Scanner lets you filter by price range, rating level, or sales volume. Whether you want low-cost items with high margins or premium products with strong demand, you’re always in control of what you see.","images/Untitled design (2)_1728164019.jpg","Base Decisions on Real Numbers","No more guesswork. By giving you direct insight into sales data, seller reputation, and pricing trends, Express Scanner helps you make informed sourcing choices that reduce risk and boost profitability.",NULL,"Faster Sourcing. Smarter Growth.","From testing new product ideas to scaling your best sellers, Express Scanner saves you hours of manual research and points you straight to the products that can move your business forward.",NULL,"2024-10-06 00:33:39","2025-10-25 01:29:45"
"14","Express Finder Tool | Scout","Search AliExpress using an image URL with the Express Finder tool. Discover matching products and suppliers in seconds for a seamless online selling experience.",NULL,NULL,"express-finder-tool","Express Finder","Quickly find products and reliable suppliers on AliExpress by searching with an image URL, streamlining your online store workflow.","Find Products Instantly with an Image","The Express Finder tool simplifies your product search on AliExpress by allowing you to search for items using just an image URL. No more tedious keyword guessing, just upload the image, and the tool will scan AliExpress for exact or similar products. This feature saves time and ensures accuracy in finding the products you want to sell in your online store.","images/Untitled design (2)_1728164420.jpg","Streamline Your Product Discovery Process","By using the Express Finder tool, online sellers can avoid manual product searches and focus on finding the best match for their store. Whether you're scouting trending products or trying to match a competitor's item, the tool helps you quickly discover what you need, speeding up your overall sourcing process.","images/Untitled design (2)_1728164420.jpg","Connect with Reliable Suppliers Effortlessly","Once the tool identifies the product, it not only shows the product's details but also helps you connect with verified AliExpress suppliers. This feature ensures that you work with trusted vendors, improving the chances of a smooth eCommerce experience, with fewer risks in sourcing quality products.",NULL,NULL,NULL,NULL,"2024-10-06 00:40:20","2025-08-29 23:52:46"
"15","TikTok Scanner | Discover Viral & Profitable Products – TS Scout","TikTok Scanner by TS Scout helps eCommerce sellers uncover trending items, analyze engagement, and make smarter decisions based on TikTok Shop market data.","tiktok scanner, tiktok product research, tiktok viral products, tiktok trends, tiktok analytics, tiktok product finder,",NULL,"tiktrend-scan-tool","Explore Top Products on TikTok Shop","With TS Scout’s TikTok Scanner, you can instantly track what’s selling on TikTok Shop, compare performance across regions, and turn viral trends into real business opportunities.","Spot Viral Products Before Competitors","Search any product by name and instantly see which listings are gaining traction. The tool reveals how many units are being sold and at what price, giving you a clear snapshot of what’s working right now on TikTok Shop.","images/Trending Products on TikTok Shop (1)_1736641455.png","Rank & Compare Listings Easily","Decide what matters most to your business. Sort results by best performance or by price to compare listings in seconds. Whether your goal is maximizing profit or finding affordable options, you’ll always have a clear view of your opportunities.","images/Trending Products on TikTok Shop_1736642698.jpg","Connect Research to Multiple Sources","Go beyond TikTok Shop with one click. Each result includes quick-access buttons that let you find the same product on AliExpress, Amazon, Walmart, or Google. This makes it effortless to validate suppliers, compare sourcing options, and plan your strategy faster.","images/Trending Products on TikTok Shop (1)_1736644987.jpg","Turn TikTok Trends Into Sales Growth","TikTok moves fast, trends rise and fall in days. With TikTok Scanner, you can stay ahead of the curve, spot profitable products early, and act before the competition catches on.","images/ChatGPT Image Oct 24, 2025, 11_22_53 PM_1761380588.png","2024-10-06 00:49:22","2025-10-25 11:33:58"
"16","RivalView","Boost your eBay sales with RivalView, the ultimate competitor research tool. Analyze rival strategies, optimize listings, and make data-driven decisions.",NULL,NULL,"ebay-rivalview-tool","RivalView","you analyze competitors on eBay, optimize your listings, and make data-driven decisions to stay ahead in the marketplace","Stay Ahead with Competitor Insights","RivalView provides in-depth data on eBay competitors, allowing you to analyze their strategies, top-performing listings, and pricing models. With these insights, you can spot opportunities in the marketplace and adjust your approach to outperform rival sellers.","images/Untitled design (2)_1728165526.jpg","Optimize Listings by Learning from the Best","By understanding how competitors succeed, RivalView helps you fine-tune your product titles, descriptions, and pricing. You’ll see what works and what doesn’t, enabling you to create compelling listings that attract more buyers and convert better.","images/Untitled design (2)_1728165526.jpg","Make Data-Driven Decisions","RivalView’s comprehensive reports provide actionable insights into market trends, demand shifts, and emerging competitors. With this data, you can make smarter decisions on product selection and strategies, helping you scale and succeed in your eBay business.","images/Untitled design (2)_1728165526.jpg",NULL,NULL,NULL,"2024-10-06 00:58:46","2025-08-30 01:03:15"
